{
  "project_info": {
    "project_number": "494318611609",
    "project_id": "prj1-36b3a",
    "storage_bucket": "prj1-36b3a.appspot.com"
  },
  "client": [
    {
      "client_info": {
        "mobilesdk_app_id": "1:494318611609:android:a24b15b1b50048b5779c08",
        "android_client_info": {
          "package_name": "fpl.quangnm.myapplication"
        }
      },
      "oauth_client": [],
      "api_key": [
        {
          "current_key": "AIzaSyBwBOPKWoZ0Wo_8eDoInl4H-rb2OWyzHuI"
        }
      ],
      "services": {
        "appinvite_service": {
          "other_platform_oauth_client": []
        }
      }
    }
  ],
  "configuration_version": "1"
}